	created_date	f0_
0	2015-12-17	4511
1	2015-12-31	6143
2	2016-01-02	2766
3	2016-01-17	1907
4	2016-02-02	6101
5	2016-03-01	5809
6	2009-06-03	1119
7	2009-07-26	291
8	2009-07-30	628
9	2009-07-06	143
10	2009-07-17	801
11	2009-08-10	1461
12	2009-08-16	310
13	2009-09-17	695
14	2009-09-06	297
15	2009-09-13	513
16	2009-09-23	863
17	2009-10-26	131
18	2009-10-17	531
19	2009-11-15	337
20	2009-11-27	336
21	2009-11-12	947
22	2009-12-06	305
23	2009-12-29	313
24	2010-01-30	925
25	2010-02-01	206
26	2010-01-19	343
27	2010-01-26	463
28	2010-01-04	184
29	2010-02-22	197
30	2010-02-03	886
31	2010-02-15	582
32	2010-03-01	211
33	2010-03-28	415
34	2010-03-30	401
35	2010-04-18	431
36	2010-04-09	1060
37	2010-05-10	314
38	2010-06-28	1487
39	2010-08-01	1961
40	2010-08-07	1829
41	2010-09-01	1323
42	2010-09-07	144
43	2010-09-14	1733
44	2010-10-22	3317
45	2010-10-12	98
46	2010-11-06	917
47	2010-11-10	5081
48	2010-11-11	1463
49	2010-11-09	495
50	2010-11-22	1295
51	2010-12-24	1030
52	2010-12-19	80
53	2011-01-27	719
54	2011-01-04	866
55	2011-01-02	559
56	2011-01-18	76
57	2011-02-09	3186
58	2011-02-27	1250
59	2011-02-22	1736
60	2015-01-19	3208
61	2015-01-13	2522
62	2015-03-01	2617
63	2015-02-10	2236
64	2015-03-04	15341
65	2015-03-13	8854
66	2015-03-29	1549
67	2015-03-30	2700
68	2015-04-29	5699
69	2015-04-19	4342
70	2015-05-09	1832
71	2015-05-10	6168
72	2015-06-04	8328
73	2015-06-11	15833
74	2015-06-25	1824
75	2015-07-01	4762
76	2014-08-09	5273
77	2014-09-05	13310
78	2014-10-11	3923
79	2014-10-09	12062
80	2014-10-28	1095
81	2014-10-17	8455
82	2014-11-21	6232
83	2014-11-23	3208
84	2014-12-16	3790
85	2014-12-23	7289
86	2014-12-03	9557
87	2014-12-28	1204
88	2014-12-13	4778
89	2015-07-13	2160
90	2015-07-18	3576
91	2015-07-20	2958
92	2015-08-03	944
93	2015-09-12	13815
94	2015-09-13	5983
95	2015-09-17	2265
96	2015-09-19	2062
97	2015-09-20	3768
98	2015-09-29	6018
99	2015-10-16	12499
100	2015-10-18	6905
101	2015-10-19	1467
102	2011-03-12	1315
103	2011-03-07	1094
104	2011-04-08	2556
105	2011-04-23	3259
106	2011-04-10	836
107	2011-04-16	1597
108	2011-05-31	1147
109	2011-05-25	1808
110	2011-06-01	988
111	2011-06-23	1585
112	2011-08-30	2514
113	2011-08-20	1511
114	2011-10-06	1545
115	2011-11-30	3188
116	2011-11-06	1609
117	2011-11-09	1912
118	2011-11-07	283
119	2011-12-24	805
120	2011-12-25	683
121	2011-12-20	878
122	2011-12-07	965
123	2012-01-08	1762
124	2012-01-17	2730
125	2012-01-29	284
126	2012-01-20	2126
127	2012-01-18	681
128	2012-03-01	4229
129	2012-02-11	1034
130	2012-03-10	2702
131	2012-03-27	3470
132	2012-03-19	453
133	2012-03-26	3046
134	2012-03-05	537
135	2012-04-02	3087
136	2012-04-23	7187
137	2012-05-13	2502
138	2012-05-15	1749
139	2014-01-07	6903
140	2014-02-03	1992
141	2014-02-22	2331
142	2014-02-16	1874
143	2014-03-09	2531
144	2014-03-17	4241
145	2014-04-15	1016
146	2014-06-08	11352
147	2014-07-01	3589
148	2014-06-04	5795
149	2014-07-07	2702
150	2014-07-08	3464
151	2014-07-23	3380
152	2007-09-14	57
153	2007-11-16	16
154	2007-11-08	148
155	2007-12-14	3083
156	2007-12-17	1237
157	2007-12-12	48
158	2008-01-05	2746
159	2008-01-08	1308
160	2008-02-06	2668
161	2008-03-16	2729
162	2008-04-12	2505
163	2008-04-02	146
164	2008-05-25	1686
165	2008-05-05	1336
166	2008-05-29	278
167	2008-06-29	387
168	2008-06-30	196
169	2008-06-15	359
170	2008-06-21	382
171	2008-07-30	321
172	2008-07-16	627
173	2008-08-01	433
174	2008-07-05	1975
175	2008-07-13	515
176	2008-09-26	3958
177	2008-09-23	328
178	2008-11-16	2343
179	2008-11-21	1041
180	2008-11-07	2231
181	2008-11-12	2820
182	2009-02-01	381
183	2009-01-06	1621
184	2009-02-16	2507
185	2009-02-04	2911
186	2009-02-20	1458
187	2009-02-21	4088
188	2009-02-13	972
189	2009-02-05	532
190	2009-03-10	249
191	2009-03-12	477
192	2009-04-18	350
193	2009-05-27	677
194	2009-06-21	399
195	2013-05-10	2799
196	2013-06-30	1767
197	2013-06-16	196
198	2013-06-22	62
199	2013-07-27	2192
200	2013-07-17	2480
201	2013-08-29	3090
202	2013-08-08	2868
203	2013-09-13	7022
204	2013-10-01	2960
205	2013-09-21	1691
206	2013-10-13	1177
207	2013-11-15	8229
208	2013-12-19	3554
209	2014-01-13	2492
210	2014-01-05	114
211	2012-06-02	3413
212	2012-06-07	10398
213	2012-06-09	8842
214	2012-07-31	5862
215	2012-08-31	5594
216	2012-08-25	10223
217	2012-08-09	27674
218	2012-08-03	4735
219	2012-08-08	2628
220	2012-09-29	2609
221	2012-10-01	4959
222	2012-09-26	5995
223	2012-11-01	6014
224	2012-10-16	7963
225	2012-10-23	1944
226	2012-11-26	212
227	2012-11-07	1846
228	2012-12-31	738
229	2012-12-10	2471
230	2012-12-26	764
231	2013-01-07	1143
232	2013-01-26	48
233	2013-02-08	6021
234	2013-02-26	223
235	2013-02-19	1901
236	2013-02-12	801
237	2013-03-13	9977
238	2013-03-25	3555
239	2013-04-20	4883
240	2007-09-23	8
241	2015-12-12	5240
242	2015-12-22	2924
243	2016-01-09	7848
244	2016-01-10	4330
245	2016-01-18	8519
246	2016-01-24	1302
247	2016-02-04	7261
248	2016-02-09	4949
249	2016-02-23	4086
250	2015-11-07	4975
251	2009-06-16	4774
252	2009-07-23	728
253	2009-07-07	394
254	2009-07-20	409
255	2009-08-21	614
256	2009-08-24	241
257	2009-08-27	547
258	2009-08-11	629
259	2009-08-04	513
260	2009-08-09	321
261	2009-09-03	656
262	2009-09-19	591
263	2009-09-09	435
264	2009-10-01	972
265	2009-10-19	246
266	2009-10-05	249
267	2009-10-10	280
268	2009-11-25	540
269	2009-11-30	228
270	2009-12-23	1198
271	2009-12-11	889
272	2009-12-15	463
273	2010-01-20	441
274	2010-02-04	2374
275	2010-02-08	121
276	2010-03-25	3839
277	2010-03-05	694
278	2010-04-16	788
279	2010-05-24	259
280	2010-05-25	905
281	2010-05-14	1377
282	2010-07-11	1729
283	2010-07-21	996
284	2010-08-03	2679
285	2010-08-09	701
286	2010-09-03	2729
287	2010-10-01	4097
288	2010-09-21	340
289	2010-09-24	2600
290	2010-09-06	74
291	2010-10-30	201
292	2010-11-28	160
293	2010-11-08	1693
294	2010-12-06	21596
295	2010-12-14	870
296	2010-12-21	169
297	2011-01-17	1098
298	2011-01-26	2026
299	2011-02-19	420
300	2009-06-09	1768
301	2015-02-22	4244
302	2015-02-12	3732
303	2015-04-26	3379
304	2015-04-16	6530
305	2015-05-16	637
306	2015-06-05	2730
307	2015-06-15	1314
308	2014-08-21	4681
309	2014-08-22	7351
310	2014-09-22	805
311	2014-09-03	3895
312	2014-10-02	6047
313	2014-10-03	7952
314	2014-10-18	6452
315	2014-11-03	1601
316	2014-12-10	4725
317	2014-12-17	1142
318	2015-01-29	5514
319	2015-07-07	5513
320	2015-07-19	7942
321	2015-07-23	3660
322	2015-07-29	4900
323	2015-08-01	1186
324	2015-08-05	4741
325	2015-08-13	5983
326	2015-08-28	14219
327	2015-09-01	6438
328	2015-08-08	742
329	2015-10-02	6734
330	2015-11-10	2996
331	2015-11-22	511
332	2011-03-20	287
333	2011-04-22	1082
334	2011-04-15	2345
335	2011-04-03	341
336	2011-05-07	428
337	2011-06-24	3928
338	2011-06-07	2556
339	2011-06-22	2220
340	2011-07-25	211
341	2011-07-06	2482
342	2011-08-07	2196
343	2011-09-10	1984
344	2011-09-17	2962
345	2011-10-21	1334
346	2011-10-07	40408
347	2011-11-16	2307
348	2011-11-18	1506
349	2011-11-14	909
350	2011-12-22	1427
351	2012-01-02	694
352	2012-01-10	5463
353	2012-01-28	4391
354	2012-01-05	1253
355	2012-02-05	3322
356	2012-02-12	2857
357	2012-02-10	2403
358	2012-04-04	2731
359	2012-04-16	1154
360	2012-04-26	9374
361	2012-05-16	7092
362	2014-02-20	6207
363	2014-02-23	3510
364	2014-03-31	8926
365	2014-03-05	13263
366	2014-03-11	3966
367	2014-04-22	2680
368	2014-04-12	788
369	2014-05-07	3504
370	2014-06-15	509
371	2014-07-16	713
372	2014-08-30	5886
373	2007-08-30	33
374	2007-09-13	101
375	2007-09-30	67
376	2007-10-07	14
377	2007-10-14	98
378	2007-11-05	230
379	2007-12-11	5826
380	2008-01-03	919
381	2008-01-18	3313
382	2008-01-29	4872
383	2008-01-19	135
384	2008-02-29	2462
385	2008-02-26	2730
386	2008-03-07	2294
387	2008-03-02	361
388	2008-04-17	630
389	2008-06-19	1947
390	2008-06-13	1981
391	2008-06-04	1062
392	2008-06-05	237
393	2008-06-24	499
394	2008-08-06	791
395	2008-08-18	313
396	2008-09-16	298
397	2008-09-21	727
398	2008-09-11	405
399	2008-09-25	1241
400	2008-09-18	427
401	2008-09-22	73
402	2008-09-09	282
403	2008-10-31	3105
404	2008-10-09	2266
405	2008-10-24	2641
406	2008-10-15	4059
407	2008-12-01	244
408	2008-11-04	2939
409	2008-12-20	660
410	2008-12-22	290
411	2008-12-27	2636
412	2009-01-30	428
413	2009-01-11	1513
414	2009-01-27	1278
415	2009-01-12	1606
416	2009-03-19	515
417	2009-03-08	330
418	2009-04-23	732
419	2009-04-25	809
420	2009-04-19	583
421	2009-04-29	459
422	2009-05-29	1226
423	2009-05-30	517
424	2009-05-11	117
425	2009-06-14	773
426	2013-04-04	4869
427	2013-04-16	239
428	2013-05-01	4440
429	2013-05-18	3721
430	2013-05-15	3073
431	2013-05-27	153
432	2013-05-16	1296
433	2013-06-20	7306
434	2013-07-15	1650
435	2013-07-04	1066
436	2013-08-02	3040
437	2013-08-11	677
438	2013-10-10	12931
439	2013-10-08	6546
440	2013-10-31	754
441	2013-11-18	1630
442	2013-11-06	5558
443	2013-11-28	1221
444	2013-11-02	645
445	2014-01-31	3538
446	2012-06-14	1715
447	2012-07-24	8655
448	2012-07-15	133
449	2012-08-10	6226
450	2012-08-14	9500
451	2012-08-17	4173
452	2012-08-18	1333
453	2012-08-04	838
454	2012-08-21	4101
455	2012-09-07	9297
456	2012-09-24	2325
457	2012-09-03	716
458	2012-10-28	7127
459	2012-10-26	9661
460	2012-10-21	929
461	2012-11-16	7189
462	2013-01-01	237
463	2012-12-23	190
464	2012-12-25	75
465	2013-01-12	4418
466	2013-01-21	4286
467	2013-01-16	6150
468	2013-01-13	897
469	2013-01-02	1223
470	2013-02-03	4712
471	2013-02-17	608
472	2013-03-10	207
473	2013-04-21	3198
474	2013-04-26	1297
475	2007-11-13	22
476	2007-09-02	15
477	2007-10-16	1
478	2015-12-06	5618
479	2015-12-19	12039
480	2016-01-28	4751
481	2016-02-10	5865
482	2009-07-31	796
483	2009-07-02	660
484	2009-08-08	602
485	2009-08-26	741
486	2009-08-06	942
487	2009-08-17	167
488	2009-09-16	850
489	2009-09-02	597
490	2009-09-20	311
491	2009-09-05	525
492	2009-09-27	523
493	2009-10-03	799
494	2009-10-27	569
495	2009-10-08	504
496	2009-11-17	311
497	2009-11-28	202
498	2009-11-02	375
499	2009-12-17	766
500	2009-12-12	521
501	2010-02-20	703
502	2010-02-12	688
503	2010-03-26	916
504	2010-03-19	635
505	2010-04-01	539
506	2010-03-11	1030
507	2010-04-17	1027
508	2010-04-11	645
509	2010-04-05	584
510	2010-04-08	713
511	2010-04-02	808
512	2010-05-20	1026
513	2010-05-04	748
514	2010-07-01	1706
515	2010-07-26	5984
516	2010-07-22	1422
517	2010-07-19	1371
518	2010-07-28	9933
519	2010-08-05	3185
520	2010-08-30	595
521	2010-08-21	1764
522	2010-08-12	1154
523	2010-08-18	624
524	2010-08-23	616
525	2010-09-29	2319
526	2010-09-20	131
527	2010-09-27	682
528	2010-09-16	294
529	2010-10-05	496
530	2010-11-23	720
531	2010-11-15	1049
532	2010-12-08	450
533	2010-12-03	1425
534	2011-01-31	923
535	2011-01-05	1268
536	2011-01-25	1353
537	2011-02-11	3836
538	2011-02-16	1227
539	2011-02-14	415
540	2015-02-15	4081
541	2015-02-16	6839
542	2015-03-23	2832
543	2015-03-16	1369
544	2015-04-18	2931
545	2015-04-11	739
546	2015-05-17	7731
547	2015-05-25	903
548	2015-05-15	3745
549	2015-06-02	10159
550	2015-06-12	1786
551	2014-08-19	5209
552	2014-09-07	4581
553	2014-09-19	3668
554	2014-09-30	4209
555	2014-10-26	1480
556	2014-11-01	5662
557	2014-10-25	8846
558	2014-11-08	8172
559	2014-11-15	4413
560	2014-11-20	10228
561	2014-11-29	8510
562	2015-01-26	2196
563	2015-07-26	5109
564	2015-08-17	8714
565	2015-08-19	44678
566	2015-08-27	2793
567	2015-08-18	3763
568	2015-09-02	14202
569	2015-09-10	18586
570	2015-09-15	6704
571	2015-10-15	7076
572	2015-11-20	4819
573	2015-11-29	2434
574	2011-03-11	3173
575	2011-03-05	686
576	2011-03-16	982
577	2011-05-17	4559
578	2011-06-29	1511
579	2011-06-02	1225
580	2011-07-21	2013
581	2011-08-11	4693
582	2011-08-31	688
583	2011-09-21	3574
584	2011-09-22	1895
585	2011-09-25	228
586	2011-10-24	1851
587	2011-11-19	2479
588	2011-11-08	1490
589	2011-12-23	1672
590	2011-12-27	734
591	2011-12-04	1876
592	2011-12-15	2083
593	2011-12-31	1383
594	2012-01-01	1391
595	2012-01-19	3755
596	2012-02-01	5630
597	2012-01-11	2880
598	2012-01-16	180
599	2012-02-02	747
600	2012-03-08	4091
601	2012-03-03	2284
602	2012-04-07	3535
603	2012-04-12	2545
604	2012-05-08	6670
605	2012-05-29	273
606	2012-05-24	7879
607	2014-01-04	1413
608	2014-01-03	2907
609	2014-02-09	1943
610	2014-03-24	6793
611	2014-03-10	2397
612	2014-03-21	698
613	2014-04-05	7863
614	2014-04-28	3694
615	2014-05-18	6547
616	2014-05-08	10954
617	2014-05-05	3480
618	2014-05-27	7709
619	2014-05-16	952
620	2014-06-18	5779
621	2014-06-26	5436
622	2014-07-14	5245
623	2014-07-22	6282
624	2007-09-01	22
625	2007-10-06	209
626	2007-10-22	10
627	2007-10-24	96
628	2007-12-24	765
629	2007-12-27	701
630	2008-01-16	1982
631	2008-01-15	1638
632	2008-01-22	711
633	2008-01-06	62
634	2008-02-18	774
635	2008-02-21	1444
636	2008-03-17	642
637	2008-03-19	2245
638	2008-04-01	1110
639	2008-03-05	497
640	2008-04-15	1691
641	2008-06-18	762
642	2008-07-23	475
643	2008-09-28	220
644	2008-09-14	121
645	2008-09-12	451
646	2008-11-11	2622
647	2008-12-10	2217
648	2009-01-19	1653
649	2009-01-05	1634
650	2009-02-28	1626
651	2009-02-08	3501
652	2009-02-27	525
653	2009-03-21	1572
654	2009-03-22	886
655	2009-03-17	319
656	2009-04-17	721
657	2009-04-11	338
658	2009-05-21	694
659	2009-05-23	626
660	2009-06-26	750
661	2009-06-10	277
662	2013-04-08	16787
663	2013-05-02	7220
664	2013-05-11	6418
665	2013-05-19	4810
666	2013-06-02	12000
667	2013-07-08	972
668	2013-08-28	3681
669	2013-08-19	241
670	2013-09-12	6744
671	2013-10-17	6706
672	2013-10-28	2472
673	2013-10-06	1344
674	2013-11-27	3274
675	2013-11-16	3396
676	2013-11-24	1538
677	2013-12-30	1661
678	2014-01-20	258
679	2012-06-22	9937
680	2012-06-17	1823
681	2012-06-03	101
682	2012-07-30	1032
683	2012-07-10	2157
684	2012-07-19	22196
685	2012-07-27	12367
686	2012-07-11	1091
687	2012-08-12	4252
688	2012-08-28	3492
689	2012-09-30	1978
690	2012-09-19	3462
691	2012-10-15	1202
692	2012-10-29	1186
693	2012-10-04	1992
694	2012-11-02	6959
695	2012-12-28	2293
696	2012-12-12	2189
697	2012-12-03	1341
698	2013-01-03	2792
699	2013-01-11	3982
700	2013-01-27	134
701	2013-03-28	8594
702	2013-04-27	5873
703	2007-11-26	5
704	2007-08-07	7
705	2007-08-06	1
706	2015-12-11	3246
707	2015-12-27	978
708	2015-12-29	2722
709	2016-01-04	2531
710	2016-01-06	5323
711	2016-01-11	2073
712	2016-01-25	3872
713	2016-02-03	6372
714	2016-02-18	6608
715	2016-02-21	7928
716	2016-02-22	2060
717	2009-07-24	582
718	2009-07-28	295
719	2009-08-30	343
720	2009-08-31	136
721	2009-09-18	715
722	2009-09-12	470
723	2009-09-22	428
724	2009-09-25	895
725	2009-09-29	465
726	2009-11-29	121
727	2009-11-06	826
728	2009-11-21	687
729	2009-12-07	176
730	2010-01-18	182
731	2010-01-15	720
732	2010-01-21	595
733	2010-02-23	762
734	2010-04-25	592
735	2010-06-30	2889
736	2010-06-21	346
737	2010-06-23	707
738	2010-06-06	717
739	2010-07-13	286
740	2010-07-06	264
741	2010-08-28	1006
742	2010-08-17	818
743	2010-08-13	1140
744	2010-09-22	2186
745	2010-10-08	1197
746	2010-11-19	3330
747	2010-11-17	1443
748	2010-11-20	1981
749	2010-12-28	456
750	2010-12-27	428
751	2010-12-02	1365
752	2010-12-15	923
753	2011-01-30	2049
754	2011-01-08	1086
755	2011-01-01	382
756	2011-02-15	2146
757	2011-02-20	2992
758	2011-02-23	1746
759	2009-06-08	1044
760	2015-01-12	4709
761	2015-02-20	7592
762	2015-03-22	4939
763	2015-03-15	4262
764	2015-04-09	1608
765	2015-04-10	12555
766	2015-04-23	4036
767	2015-05-27	3386
768	2015-06-08	8279
769	2014-08-01	4807
770	2014-08-04	2904
771	2014-09-11	9059
772	2014-09-02	2284
773	2014-09-06	3667
774	2014-10-23	11296
775	2014-10-04	4400
776	2014-10-20	6350
777	2014-11-17	6133
778	2014-11-18	4594
779	2014-11-24	4023
780	2014-12-07	3806
781	2014-12-11	3989
782	2015-07-04	1768
783	2015-07-21	21636
784	2015-07-25	2480
785	2015-08-21	11128
786	2015-08-26	11119
787	2015-09-05	3748
788	2015-10-03	4718
789	2015-10-05	1554
790	2015-10-12	17553
791	2015-10-30	10691
792	2011-03-08	408
793	2011-04-11	807
794	2011-04-04	2980
795	2011-04-21	4390
796	2011-04-30	2466
797	2011-04-07	1005
798	2011-04-02	1557
799	2011-05-16	540
800	2011-06-12	3398
801	2011-06-28	2169
802	2011-06-15	9258
803	2011-06-06	286
804	2011-07-08	1506
805	2011-07-05	623
806	2011-07-04	694
807	2011-08-29	288
808	2011-08-22	982
809	2011-08-19	3258
810	2011-08-21	1064
811	2011-08-06	1095
812	2011-09-14	597
813	2011-10-15	2634
814	2011-10-18	1354
815	2011-10-08	542
816	2011-12-08	2518
817	2011-12-05	408
818	2012-02-17	2052
819	2012-02-25	3039
820	2012-02-29	3584
821	2012-02-04	620
822	2012-03-14	1631
823	2012-03-07	396
824	2012-03-28	3360
825	2012-04-18	3839
826	2012-04-05	4199
827	2014-02-28	11306
828	2014-02-12	6324
829	2014-02-26	8022
830	2014-02-06	3578
831	2014-03-26	4462
832	2014-04-08	3890
833	2014-04-29	6405
834	2014-04-09	1280
835	2014-05-17	6694
836	2014-05-14	7196
837	2014-06-06	17565
838	2014-06-20	9941
839	2014-06-13	11025
840	2014-06-01	4478
841	2014-06-23	5506
842	2014-07-05	7122
843	2014-07-12	38
844	2007-08-24	2
845	2007-09-08	28
846	2007-09-10	11
847	2007-11-17	53
848	2007-11-01	149
849	2007-11-09	46
850	2007-12-05	1516
851	2007-12-20	2048
852	2007-12-01	831
853	2007-12-13	136
854	2008-01-26	4196
855	2008-01-02	937
856	2008-02-25	136
857	2008-02-12	1024
858	2008-03-12	2156
859	2008-04-20	99
860	2008-04-21	97
861	2008-05-13	1843
862	2008-06-28	2007
863	2008-07-21	1089
864	2008-07-31	619
865	2008-07-28	340
866	2008-07-17	2173
867	2008-07-07	203
868	2008-09-01	103
869	2008-08-16	310
870	2008-10-17	4165
871	2008-10-25	1676
872	2008-10-10	1003
873	2008-11-17	2365
874	2008-11-19	819
875	2008-11-06	2950
876	2008-12-31	2435
877	2008-12-23	2509
878	2008-12-18	658
879	2009-01-02	1449
880	2009-02-25	397
881	2009-02-17	202
882	2009-02-22	1011
883	2009-02-11	434
884	2009-02-15	821
885	2009-03-02	3710
886	2009-03-05	496
887	2009-04-05	317
888	2009-04-16	339
889	2009-04-28	190
890	2009-05-18	164
891	2009-05-20	271
892	2009-06-11	1600
893	2013-05-09	6426
894	2013-05-22	4407
895	2013-06-25	4845
896	2013-06-05	4074
897	2013-06-23	46
898	2013-07-18	8506
899	2013-07-24	6292
900	2013-08-18	4021
901	2013-08-21	6103
902	2013-08-13	5161
903	2013-09-28	2481
904	2013-09-03	784
905	2013-09-16	753
906	2013-10-23	6590
907	2013-10-04	3045
908	2013-12-03	775
909	2014-01-28	6309
910	2014-01-27	2990
911	2014-01-24	3573
912	2014-01-19	3023
913	2012-06-28	2301
914	2012-07-14	4710
915	2012-07-06	2452
916	2012-07-28	2010
917	2012-07-13	541
918	2012-08-24	56637
919	2012-08-30	4837
920	2012-08-06	369
921	2012-09-02	7163
922	2012-09-20	4576
923	2012-09-10	226
924	2012-10-18	9158
925	2012-10-10	1448
926	2012-10-31	2842
927	2012-11-19	94
928	2012-11-21	569
929	2012-11-17	2578
930	2012-11-24	347
931	2012-12-16	3376
932	2013-01-04	2300
933	2013-01-15	232
934	2013-02-27	6392
935	2013-02-18	576
936	2013-03-04	1509
937	2007-09-24	3
938	2015-12-01	7731
939	2015-12-08	7269
940	2015-12-20	928
941	2015-12-21	5367
942	2015-12-23	6612
943	2016-01-12	5865
944	2016-01-20	7066
945	2016-01-16	377
946	2016-02-15	3746
947	2016-02-25	3208
948	2016-03-02	1141
949	2009-07-27	225
950	2009-08-03	206
951	2009-08-19	794
952	2009-08-28	1269
953	2009-09-10	750
954	2009-09-30	686
955	2009-10-04	438
956	2009-11-16	221
957	2009-12-20	329
958	2010-01-01	185
959	2010-01-31	293
960	2010-03-08	267
961	2010-05-30	721
962	2010-06-01	367
963	2010-05-17	384
964	2010-05-29	1023
965	2010-05-08	1415
966	2010-06-26	23502
967	2010-06-07	502
968	2010-09-09	2332
969	2010-09-10	1114
970	2010-10-17	655
971	2010-10-03	391
972	2010-10-20	3843
973	2010-11-01	643
974	2010-11-14	783
975	2010-11-02	587
976	2010-12-04	998
977	2011-01-22	1650
978	2011-01-03	142
979	2011-02-24	2394
980	2011-02-03	1648
981	2011-02-02	2628
982	2011-02-06	1659
983	2011-02-10	444
984	2015-02-28	4101
985	2015-02-08	2199
986	2015-02-21	1521
987	2015-03-07	6169
988	2015-03-17	4658
989	2015-03-26	10041
990	2015-03-24	3721
991	2015-03-21	3027
992	2015-05-20	10506
993	2015-05-26	6126
994	2015-05-28	13511
995	2015-05-07	6941
996	2015-05-14	7234
997	2015-05-06	8098
998	2015-06-01	4839
999	2015-05-11	928
1000	2015-06-24	7497
1001	2014-08-27	3535
1002	2014-08-08	18140
1003	2014-09-12	13639
1004	2014-09-14	2846
1005	2014-09-15	2258
1006	2014-11-19	5158
1007	2014-11-02	3764
1008	2014-11-05	10171
1009	2014-11-04	4634
1010	2014-12-25	4429
1011	2014-12-26	2460
1012	2015-07-09	5883
1013	2015-07-16	13936
1014	2015-07-22	10298
1015	2015-07-30	8383
1016	2015-08-10	6820
1017	2015-08-30	4875
1018	2015-10-11	447
1019	2015-10-14	12381
1020	2015-10-17	652
1021	2015-10-21	9873
1022	2015-10-29	15521
1023	2015-11-27	8931
1024	2011-03-21	2681
1025	2011-03-14	2764
1026	2011-04-09	1923
1027	2011-04-26	1542
1028	2011-04-05	37953
1029	2011-05-19	428
1030	2011-05-30	117
1031	2011-05-05	482
1032	2011-05-01	368
1033	2011-06-26	1827
1034	2011-07-01	1795
1035	2011-06-08	587
1036	2011-07-11	640
1037	2011-08-10	1118
1038	2011-08-15	247
1039	2011-08-03	802
1040	2011-09-28	13123
1041	2011-09-16	555
1042	2011-12-01	2675
1043	2011-11-11	1458
1044	2011-12-26	133
1045	2011-12-28	582
1046	2011-12-03	971
1047	2012-01-24	1196
1048	2012-01-27	755
1049	2012-02-09	3060
1050	2012-02-19	1441
1051	2012-02-28	1394
1052	2012-03-23	3471
1053	2012-04-25	7245
1054	2012-04-28	1796
1055	2012-05-17	2019
1056	2012-05-28	863
1057	2012-05-10	4425
1058	2014-02-19	6349
1059	2014-02-08	10683
1060	2014-03-06	3842
1061	2014-03-12	7304
1062	2014-03-27	5852
1063	2014-03-04	3558
1064	2014-04-06	1974
1065	2014-04-26	3527
1066	2014-06-03	5833
1067	2014-06-30	3672
1068	2014-07-18	8070
1069	2014-07-24	8889
1070	2014-07-11	8303
1071	2014-07-20	950
1072	2014-08-28	5348
1073	2007-10-03	93
1074	2007-11-25	51
1075	2007-12-15	313
1076	2007-12-30	792
1077	2007-12-07	51
1078	2008-01-17	144
1079	2008-02-03	3148
1080	2008-02-13	1658
1081	2008-03-26	1219
1082	2008-04-04	1351
1083	2008-04-08	65
1084	2008-04-11	399
1085	2008-05-10	2068
1086	2008-05-30	401
1087	2008-05-03	30
1088	2008-05-18	816
1089	2008-06-22	1689
1090	2008-06-12	812
1091	2008-06-14	869
1092	2008-07-08	1200
1093	2008-07-02	1545
1094	2008-08-23	166
1095	2008-08-25	81
1096	2008-08-10	110
1097	2008-09-05	400
1098	2008-10-23	1958
1099	2008-10-13	2110
1100	2008-11-30	1950
1101	2008-11-24	2071
1102	2008-11-27	1783
1103	2009-01-17	2027
1104	2009-02-24	561
1105	2009-02-10	2779
1106	2009-03-25	269
1107	2009-03-14	501
1108	2009-03-15	336
1109	2009-03-03	2547
1110	2009-03-09	240
1111	2009-04-03	370
1112	2009-05-02	501
1113	2009-05-26	881
1114	2009-05-05	310
1115	2013-04-05	8147
1116	2013-04-01	489
1117	2013-04-06	216
1118	2013-05-23	1165
1119	2013-06-26	10232
1120	2013-06-17	2508
1121	2013-07-26	2701
1122	2013-07-30	2607
1123	2013-07-10	6103
1124	2013-07-09	2270
1125	2013-07-23	2497
1126	2013-07-07	1056
1127	2013-08-16	12111
1128	2013-08-14	8339
1129	2013-08-05	2545
1130	2013-08-06	2974
1131	2013-09-26	10324
1132	2013-09-17	9120
1133	2013-09-18	4923
1134	2013-09-24	4608
1135	2013-10-14	2767
1136	2013-11-23	2832
1137	2013-11-08	6901
1138	2013-12-08	2649
1139	2013-12-25	1821
1140	2013-12-02	150
1141	2013-12-09	772
1142	2012-06-12	7379
1143	2012-06-26	4013
1144	2012-07-29	779
1145	2012-07-03	10622
1146	2012-07-12	7004
1147	2012-07-26	8469
1148	2012-08-11	603
1149	2012-10-03	9411
1150	2012-10-14	1938
1151	2012-10-02	3513
1152	2012-10-17	1986
1153	2012-11-28	839
1154	2012-11-04	1877
1155	2012-11-23	2578
1156	2012-12-22	4747
1157	2012-12-18	2873
1158	2012-12-08	1845
1159	2012-12-19	451
1160	2012-12-27	294
1161	2012-12-02	191
1162	2012-12-15	326
1163	2013-01-20	3845
1164	2013-01-22	1055
1165	2013-02-24	1540
1166	2013-02-13	4419
1167	2013-03-06	5453
1168	2013-03-20	8728
1169	2013-04-30	2067
1170	1970-01-01	2
1171	2007-08-20	2
1172	2007-09-27	13
1173	2007-11-22	22
1174	2007-11-23	20
1175	2007-12-09	30
1176	2007-11-18	5
1177	2015-12-04	6367
1178	2015-12-30	5063
1179	2016-01-05	5115
1180	2016-01-08	2564
1181	2016-01-15	5740
1182	2016-01-21	6293
1183	2016-02-01	1457
1184	2016-02-14	3798
1185	2009-06-23	533
1186	2009-06-01	472
1187	2009-06-07	1058
1188	2009-07-13	263
1189	2009-07-21	594
1190	2009-07-29	966
1191	2009-07-04	353
1192	2009-07-08	431
1193	2009-10-22	595
1194	2009-10-12	494
1195	2009-10-14	525
1196	2009-10-21	249
1197	2009-11-18	654
1198	2009-12-30	632
1199	2010-01-28	859
1200	2010-01-11	141
1201	2010-02-13	945
1202	2010-02-16	715
1203	2010-02-05	769
1204	2010-03-20	950
1205	2010-03-27	919
1206	2010-04-10	736
1207	2010-04-26	279
1208	2010-04-22	935
1209	2010-05-01	738
1210	2010-04-13	641
1211	2010-04-19	434
1212	2010-05-21	1006
1213	2010-05-27	1035
1214	2010-05-03	366
1215	2010-05-11	528
1216	2010-05-13	1086
1217	2010-06-09	960
1218	2010-06-29	2193
1219	2010-06-27	25
1220	2010-06-14	364
1221	2010-06-22	497
1222	2010-07-25	1661
1223	2010-07-16	282
1224	2010-07-14	192
1225	2010-08-24	623
1226	2010-09-02	4537
1227	2010-09-08	523
1228	2010-09-18	199
1229	2010-10-25	704
1230	2010-10-21	476
1231	2010-10-16	639
1232	2010-11-21	804
1233	2010-12-23	388
1234	2011-01-19	6279
1235	2011-02-01	800
1236	2011-01-12	297
1237	2011-01-14	728
1238	2015-01-02	619
1239	2015-01-18	3960
1240	2015-01-14	6637
1241	2015-02-26	8015
1242	2015-02-02	413
1243	2015-03-09	2243
1244	2015-03-03	2524
1245	2015-04-08	7630
1246	2015-04-07	5154
1247	2015-05-30	4323
1248	2015-05-12	4261
1249	2015-05-13	7584
1250	2015-05-04	1258
1251	2015-06-20	9297
1252	2015-06-14	4333
1253	2014-08-11	5027
1254	2014-08-15	6001
1255	2014-08-12	4138
1256	2014-08-06	1865
1257	2014-09-27	7368
1258	2014-09-20	5430
1259	2014-10-07	3082
1260	2014-10-24	3836
1261	2014-10-13	11039
1262	2014-11-16	2134
1263	2015-01-28	3081
1264	2015-07-03	8835
1265	2015-07-12	4739
1266	2015-08-29	6116
1267	2015-09-23	9123
1268	2015-09-28	4603
1269	2015-10-06	7494
1270	2015-10-07	4128
1271	2015-10-10	3812
1272	2015-11-08	6981
1273	2015-11-15	570
1274	2015-11-16	3969
1275	2011-03-26	2294
1276	2011-04-01	1511
1277	2011-04-28	2582
1278	2011-04-19	2304
1279	2011-05-15	4076
1280	2011-05-12	1191
1281	2011-05-21	158
1282	2011-06-19	2482
1283	2011-06-10	2219
1284	2011-06-14	1559
1285	2011-07-14	1576
1286	2011-08-05	3509
1287	2011-08-13	1103
1288	2011-09-01	4303
1289	2011-08-27	1870
1290	2011-08-12	1090
1291	2011-08-26	2855
1292	2011-08-08	221
1293	2011-09-20	1138
1294	2011-09-24	1035
1295	2011-10-16	1238
1296	2011-12-21	2089
1297	2012-01-22	835
1298	2012-02-16	4097
1299	2012-02-03	5013
1300	2012-02-07	4239
1301	2012-02-14	3371
1302	2012-02-13	527
1303	2012-03-30	1671
1304	2012-03-09	1920
1305	2012-03-18	483
1306	2012-03-04	1886
1307	2012-04-11	4472
1308	2012-05-09	6297
1309	2012-05-31	2777
1310	2014-03-15	3569
1311	2014-03-29	4758
1312	2014-03-22	276
1313	2014-04-03	3467
1314	2014-04-27	4278
1315	2014-05-20	6973
1316	2014-06-22	3260
1317	2014-06-09	416
1318	2014-08-31	3360
1319	2007-09-05	21
1320	2007-09-18	50
1321	2007-09-25	23
1322	2007-09-29	74
1323	2007-10-21	107
1324	2007-11-07	152
1325	2007-11-10	128
1326	2007-12-21	1523
1327	2008-01-24	3495
1328	2008-01-30	1736
1329	2008-01-21	1083
1330	2008-01-31	2394
1331	2008-02-08	144
1332	2008-03-29	1363
1333	2008-03-18	2288
1334	2008-03-06	2437
1335	2008-04-05	817
1336	2008-04-10	1621
1337	2008-05-16	1751
1338	2008-05-23	70
1339	2008-05-20	425
1340	2008-05-21	116
1341	2008-05-09	2603
1342	2008-06-09	251
1343	2008-07-25	626
1344	2008-07-09	455
1345	2008-07-26	363
1346	2008-07-27	392
1347	2008-08-04	86
1348	2008-08-07	272
1349	2008-09-07	158
1350	2008-09-17	332
1351	2008-09-19	304
1352	2008-10-14	819
1353	2008-10-27	681
1354	2008-11-28	2462
1355	2008-12-28	370
1356	2008-12-04	1881
1357	2008-12-19	3352
1358	2009-01-07	2057
1359	2009-01-22	2687
1360	2009-03-04	5982
1361	2009-03-18	711
1362	2009-04-30	504
1363	2009-05-01	532
1364	2009-04-21	216
1365	2009-05-15	773
1366	2009-05-19	305
1367	2009-06-13	798
1368	2013-06-10	65
1369	2013-07-06	1656
1370	2013-07-16	1532
1371	2013-07-21	2210
1372	2013-07-02	995
1373	2013-08-03	3720
1374	2013-08-26	324
1375	2013-09-22	4556
1376	2013-09-08	2530
1377	2013-09-06	5633
1378	2013-09-25	3993
1379	2013-09-20	1654
1380	2013-09-05	3411
1381	2013-11-01	24976
1382	2013-10-03	9522
1383	2013-10-21	1179
1384	2013-10-20	676
1385	2013-12-10	3528
1386	2013-12-12	5083
1387	2013-12-23	2056
1388	2014-01-26	7901
1389	2014-01-25	1357
1390	2012-07-18	2234
1391	2012-07-08	804
1392	2012-07-04	6376
1393	2012-07-09	4674
1394	2012-07-16	679
1395	2012-07-22	2354
1396	2012-08-07	2647
1397	2012-09-16	2378
1398	2012-09-05	399
1399	2012-09-08	1112
1400	2012-10-11	10530
1401	2012-10-06	607
1402	2012-11-18	1270
1403	2012-11-22	3225
1404	2012-11-06	2245
1405	2013-01-25	5058
1406	2013-03-27	2180
1407	2013-03-26	3581
1408	2013-03-30	248
1409	2013-03-22	430
1410	2013-04-19	4574
1411	2007-11-15	6
1412	2007-12-28	41
1413	2007-08-17	6
1414	2015-12-02	6031
1415	2015-12-13	2319
1416	2015-11-01	1837
1417	2016-01-01	5528
1418	2016-01-07	12438
1419	2016-01-19	14493
1420	2016-02-07	3365
1421	2016-02-11	6198
1422	2009-06-20	597
1423	2009-07-01	2397
1424	2009-08-02	286
1425	2009-09-11	2385
1426	2009-10-23	1144
1427	2009-10-16	699
1428	2009-11-20	638
1429	2009-11-10	492
1430	2009-11-23	136
1431	2009-12-05	661
1432	2009-12-21	268
1433	2010-01-02	280
1434	2010-01-08	933
1435	2010-02-26	1290
1436	2010-02-09	716
1437	2010-03-23	543
1438	2010-03-22	300
1439	2010-05-26	814
1440	2010-06-04	1022
1441	2010-06-17	934
1442	2010-07-10	4214
1443	2010-07-31	1192
1444	2010-07-05	485
1445	2010-07-12	728
1446	2010-07-02	3867
1447	2010-07-23	222
1448	2010-08-31	1578
1449	2010-08-02	1544
1450	2010-09-25	454
1451	2010-10-18	412
1452	2010-10-14	151
1453	2010-10-31	2024
1454	2010-10-09	1154
1455	2010-10-04	1074
1456	2010-10-10	66
1457	2010-11-26	548
1458	2010-12-22	1999
1459	2011-02-28	1033
1460	2015-01-08	7002
1461	2015-01-07	11124
1462	2015-01-04	1526
1463	2015-01-11	2022
1464	2015-02-06	38516
1465	2015-02-25	8271
1466	2015-02-27	7817
1467	2015-03-05	9140
1468	2015-03-14	6963
1469	2015-04-15	4763
1470	2015-04-25	3481
1471	2015-04-30	8828
1472	2015-04-28	10419
1473	2015-04-06	2019
1474	2015-04-13	3148
1475	2015-05-03	3985
1476	2015-05-08	8347
1477	2015-05-18	262
1478	2015-06-19	4814
1479	2015-06-26	12147
1480	2015-06-29	932
1481	2014-10-01	10725
1482	2014-10-22	10590
1483	2014-10-06	7756
1484	2014-12-20	7393
1485	2014-12-14	2262
1486	2014-12-24	5580
1487	2014-12-18	4134
1488	2015-07-14	5763
1489	2015-08-04	7030
1490	2015-08-23	6981
1491	2015-09-09	6396
1492	2015-10-25	241
1493	2015-10-27	8103
1494	2015-10-28	1392
1495	2015-11-09	2528
1496	2015-11-18	6160
1497	2015-11-19	8191
1498	2011-03-29	1543
1499	2011-03-03	990
1500	2011-03-24	2151
1501	2011-03-31	2237
1502	2011-03-10	732
1503	2011-05-26	2379
1504	2011-07-31	2871
1505	2011-07-15	4259
1506	2011-07-12	1025
1507	2011-07-28	1290
1508	2011-08-23	1895
1509	2011-08-25	1800
1510	2011-09-19	597
1511	2011-09-13	6291
1512	2011-09-08	4503
1513	2011-09-09	1859
1514	2011-09-26	9185
1515	2011-10-01	213
1516	2011-10-23	280
1517	2011-10-09	2680
1518	2011-10-13	2983
1519	2011-10-11	2335
1520	2011-11-03	2286
1521	2011-11-23	2774
1522	2011-11-28	259
1523	2011-12-10	2629
1524	2011-12-12	1046
1525	2012-01-30	2231
1526	2012-01-07	1556
1527	2012-01-03	662
1528	2012-02-22	2721
1529	2012-03-17	4052
1530	2012-03-12	1215
1531	2012-04-19	4453
1532	2012-05-21	804
1533	2012-05-20	1641
1534	2012-05-05	571
1535	2012-05-04	8749
1536	2014-01-01	2953
1537	2014-02-04	1633
1538	2014-02-07	3283
1539	2014-02-10	1187
1540	2014-04-01	1419
1541	2014-03-28	4164
1542	2014-03-25	3494
1543	2014-04-13	5188
1544	2014-04-30	5570
1545	2014-04-02	5370
1546	2014-04-21	4065
1547	2014-05-02	7929
1548	2014-05-03	3574
1549	2014-05-10	4657
1550	2014-05-12	4512
1551	2014-05-09	2033
1552	2014-05-04	6717
1553	2014-06-24	3604
1554	2014-06-29	8718
1555	2014-06-17	7417
1556	2014-07-17	3266
1557	2014-07-02	7317
1558	2014-07-06	3159
1559	2014-08-29	8098
1560	2007-08-22	57
1561	2007-08-26	64
1562	2007-09-21	41
1563	2007-10-05	33
1564	2007-10-20	171
1565	2007-11-29	130
1566	2007-11-02	793
1567	2007-11-04	105
1568	2007-12-18	881
1569	2007-12-31	2
1570	2007-12-02	130
1571	2008-01-10	4890
1572	2008-01-12	3569
1573	2008-02-16	1768
1574	2008-02-19	77
1575	2008-02-05	206
1576	2008-03-28	2565
1577	2008-04-24	2861
1578	2008-04-13	780
1579	2008-04-07	279
1580	2008-05-02	2052
1581	2008-05-27	26
1582	2008-06-03	799
1583	2008-07-01	184
1584	2008-06-11	224
1585	2008-07-22	577
1586	2008-07-18	125
1587	2008-07-24	149
1588	2008-07-06	189
1589	2008-08-29	224
1590	2008-08-30	453
1591	2008-08-11	193
1592	2008-08-14	269
1593	2008-09-06	237
1594	2008-09-15	160
1595	2008-09-04	267
1596	2008-11-01	1441
1597	2008-10-06	1900
1598	2008-10-29	1533
1599	2008-10-02	632
1600	2008-10-18	768
1601	2008-11-05	2902
1602	2008-11-13	2725
1603	2008-12-17	3545
1604	2008-12-30	653
1605	2008-12-21	2304
1606	2008-12-13	2405
1607	2009-01-29	3075
1608	2009-01-21	1605
1609	2009-01-20	1459
1610	2009-01-04	1228
1611	2009-02-07	382
1612	2009-03-07	530
1613	2009-03-16	608
1614	2009-03-13	388
1615	2009-03-20	516
1616	2009-04-15	401
1617	2009-04-14	304
1618	2009-05-31	1480
1619	2009-05-13	508
1620	2009-05-28	1030
1621	2009-05-12	467
1622	2013-04-02	5708
1623	2013-04-09	336
1624	2013-04-07	300
1625	2013-05-28	1203
1626	2013-05-29	15496
1627	2013-06-27	2195
1628	2013-06-03	512
1629	2013-07-29	880
1630	2013-07-14	1719
1631	2013-09-19	9124
1632	2013-09-11	10011
1633	2013-09-04	3406
1634	2013-10-30	6815
1635	2013-10-19	4283
1636	2013-10-15	1531
1637	2013-10-29	1186
1638	2013-11-03	2101
1639	2013-11-12	2631
1640	2013-11-22	5325
1641	2013-12-01	1017
1642	2013-12-28	5587
1643	2013-12-21	1919
1644	2014-01-12	5057
1645	2014-01-23	2694
1646	2012-06-21	6300
1647	2012-06-11	3155
1648	2012-07-23	3517
1649	2012-07-21	3399
1650	2012-07-07	2270
1651	2012-07-05	7778
1652	2012-09-13	3813
1653	2012-09-06	4781
1654	2012-09-09	10282
1655	2012-09-22	5957
1656	2012-09-17	1338
1657	2012-10-27	2606
1658	2012-10-20	3448
1659	2012-11-30	1179
1660	2012-11-11	3312
1661	2012-11-03	1799
1662	2013-01-31	7264
1663	2013-01-28	2633
1664	2013-01-24	15892
1665	2013-01-29	2142
1666	2013-02-25	1415
1667	2013-02-11	3182
1668	2013-02-22	350
1669	2013-03-21	4239
1670	2013-04-29	1890
1671	2013-04-22	1802
1672	2013-04-14	53
1673	2007-08-28	15
1674	2007-12-16	18
1675	2007-09-28	2
1676	2015-11-03	3509
1677	2016-01-13	1959
1678	2016-01-23	5222
1679	2016-01-30	5010
1680	2016-01-31	6293
1681	2016-02-19	6925
1682	2016-02-24	7148
1683	2016-02-26	7322
1684	2016-02-28	3013
1685	2009-06-19	330
1686	2009-06-18	1094
1687	2009-07-16	640
1688	2009-08-22	702
1689	2009-08-25	697
1690	2009-08-13	672
1691	2009-09-14	230
1692	2009-10-07	1735
1693	2009-11-01	120
1694	2009-10-13	535
1695	2009-10-24	686
1696	2009-10-25	596
1697	2009-11-26	728
1698	2009-11-13	589
1699	2009-11-22	415
1700	2009-12-13	466
1701	2009-12-25	349
1702	2009-12-10	594
1703	2009-12-04	1564
1704	2010-01-10	416
1705	2010-01-17	467
1706	2010-02-21	458
1707	2010-02-14	2991
1708	2010-02-06	481
1709	2010-03-09	540
1710	2010-03-16	482
1711	2010-03-13	701
1712	2010-04-24	727
1713	2010-04-14	1654
1714	2010-04-04	715
1715	2010-05-19	1107
1716	2010-05-18	1745
1717	2010-05-06	1481
1718	2010-06-16	754
1719	2010-06-24	799
1720	2010-08-26	291
1721	2010-08-10	468
1722	2010-09-12	156
1723	2010-09-17	2751
1724	2010-09-05	1484
1725	2010-10-13	2987
1726	2010-10-28	202
1727	2010-11-25	852
1728	2010-11-30	544
1729	2010-12-30	2490
1730	2010-12-13	236
1731	2015-01-05	47640
1732	2015-01-16	5169
1733	2015-01-20	2530
1734	2015-02-04	6419
1735	2015-02-07	4328
1736	2015-02-11	12452
1737	2015-02-18	8475
1738	2015-02-01	4906
1739	2015-03-25	6150
1740	2015-03-27	3872
1741	2015-03-28	6973
1742	2015-03-08	3395
1743	2015-05-01	3858
1744	2015-04-05	1482
1745	2015-05-21	7335
1746	2015-05-23	15319
1747	2015-06-09	3240
1748	2015-06-10	2525
1749	2014-08-17	7254
1750	2014-08-07	5115
1751	2014-09-17	7736
1752	2014-09-18	9963
1753	2014-12-01	1312
1754	2014-11-25	551
1755	2014-12-06	7337
1756	2015-01-31	1451
1757	2015-01-24	6593
1758	2015-07-28	6741
1759	2015-07-05	3587
1760	2015-08-16	5476
1761	2015-08-31	2071
1762	2015-08-25	2357
1763	2015-09-03	5392
1764	2015-09-06	5900
1765	2015-09-16	9335
1766	2015-09-18	12264
1767	2015-09-22	12265
1768	2015-09-25	8336
1769	2015-11-25	1135
1770	2011-03-22	2295
1771	2011-03-02	5037
1772	2011-03-28	1387
1773	2011-03-13	288
1774	2011-04-06	3595
1775	2011-04-20	226
1776	2011-04-25	677
1777	2011-04-27	1633
1778	2011-05-03	303
1779	2011-05-14	833
1780	2011-06-17	5634
1781	2011-06-04	562
1782	2011-06-25	1141
1783	2011-07-29	3927
1784	2011-07-30	709
1785	2011-07-19	1451
1786	2011-08-01	220
1787	2011-07-03	1464
1788	2011-07-22	2527
1789	2011-09-23	18211
1790	2011-09-27	19600
1791	2011-09-05	162
1792	2011-10-19	2812
1793	2011-10-17	1121
1794	2011-10-12	1721
1795	2011-10-20	1785
1796	2011-11-01	2212
1797	2011-11-17	1795
1798	2011-11-20	882
1799	2011-11-24	926
1800	2011-12-30	612
1801	2011-12-11	136
1802	2012-01-13	1861
1803	2012-02-23	2490
1804	2012-03-24	4172
1805	2012-03-16	930
1806	2012-03-25	363
1807	2012-03-29	4861
1808	2012-04-14	2933
1809	2012-05-01	7087
1810	2012-05-06	1735
1811	2012-05-02	11013
1812	2014-01-02	4955
1813	2014-02-24	1294
1814	2014-03-16	2289
1815	2014-04-23	5233
1816	2014-04-18	5755
1817	2014-04-04	3362
1818	2014-04-14	4836
1819	2014-05-29	2305
1820	2014-05-22	1018
1821	2014-05-21	3116
1822	2014-05-13	4691
1823	2014-06-27	7766
1824	2014-06-19	3860
1825	2014-07-25	16840
1826	2007-08-08	93
1827	2007-08-11	10
1828	2007-08-13	148
1829	2007-08-16	55
1830	2007-10-02	37
1831	2007-10-30	95
1832	2007-11-14	28
1833	2007-11-24	774
1834	2007-08-31	39
1835	2007-12-19	49
1836	2008-01-09	6995
1837	2008-02-20	1686
1838	2008-02-15	1244
1839	2008-02-10	1845
1840	2008-03-04	2546
1841	2008-03-03	1354
1842	2008-03-23	896
1843	2008-04-14	109
1844	2008-06-17	55
1845	2008-06-01	111
1846	2008-07-14	1057
1847	2008-07-12	138
1848	2008-08-15	726
1849	2008-08-22	609
1850	2008-08-19	229
1851	2008-08-28	466
1852	2008-08-09	671
1853	2008-08-20	368
1854	2008-08-12	315
1855	2008-09-24	2657
1856	2008-10-01	451
1857	2008-09-03	3120
1858	2008-09-08	248
1859	2008-10-12	2180
1860	2008-10-08	597
1861	2008-10-22	1770
1862	2008-10-16	514
1863	2008-10-05	470
1864	2008-11-20	3613
1865	2008-11-26	2950
1866	2008-11-02	2201
1867	2008-12-29	1520
1868	2008-12-11	2504
1869	2008-12-24	496
1870	2008-12-25	2998
1871	2008-12-07	1460
1872	2009-01-13	2212
1873	2009-01-09	2233
1874	2009-01-10	7740
1875	2009-01-16	1708
1876	2009-03-06	674
1877	2009-03-11	634
1878	2009-03-29	462
1879	2009-04-01	314
1880	2009-03-23	213
1881	2009-04-10	485
1882	2009-04-20	149
1883	2009-06-30	677
1884	2013-04-12	20204
1885	2013-05-25	1231
1886	2013-06-15	322
1887	2013-06-11	2681
1888	2013-06-04	2963
1889	2013-06-13	2785
1890	2013-07-19	1773
1891	2013-07-20	3645
1892	2013-07-28	2084
1893	2013-08-01	4211
1894	2013-08-31	1367
1895	2013-08-10	3037
1896	2013-08-09	6282
1897	2013-08-07	11475
1898	2013-08-15	21052
1899	2013-09-10	6331
1900	2013-10-16	3221
1901	2013-10-05	4738
1902	2013-10-25	8438
1903	2013-10-18	6680
1904	2013-11-21	2861
1905	2013-11-04	2088
1906	2013-12-04	4452
1907	2013-12-18	4468
1908	2013-12-24	2776
1909	2013-12-15	1779
1910	2013-12-11	2951
1911	2013-12-22	187
1912	2014-01-22	7018
1913	2014-01-08	2627
1914	2012-06-30	1551
1915	2012-06-13	3950
1916	2012-06-08	2215
1917	2012-06-27	2068
1918	2012-07-20	2335
1919	2012-08-16	4119
1920	2012-08-19	3849
1921	2012-09-14	7903
1922	2012-10-24	9783
1923	2012-10-07	2306
1924	2012-11-15	4285
1925	2012-11-29	5194
1926	2012-11-14	1099
1927	2012-12-06	1894
1928	2012-12-09	1740
1929	2012-12-05	3793
1930	2012-12-24	848
1931	2012-12-17	338
1932	2012-12-13	2007
1933	2013-01-17	1024
1934	2013-02-04	246
1935	2013-03-07	4024
1936	2013-03-18	5144
1937	2013-03-24	7982
1938	2013-03-14	1447
1939	2013-03-17	477
1940	2007-08-21	7
1941	2007-11-20	5
1942	2015-12-14	2210
1943	2015-12-18	6315
1944	2015-11-02	5165
1945	2015-12-24	2328
1946	2016-01-03	2359
1947	2016-02-06	7441
1948	2016-02-17	8653
1949	2009-06-17	336
1950	2009-06-06	1696
1951	2009-06-05	1292
1952	2009-07-25	574
1953	2009-07-09	707
1954	2009-07-12	385
1955	2009-09-28	185
1956	2009-09-08	251
1957	2009-11-07	717
1958	2010-01-13	670
1959	2010-01-16	761
1960	2010-01-06	1124
1961	2010-02-27	848
1962	2010-02-11	2185
1963	2010-03-29	276
1964	2010-03-31	5671
1965	2010-03-17	894
1966	2010-03-07	435
1967	2010-03-24	685
1968	2010-04-28	900
1969	2010-04-30	960
1970	2010-05-07	1288
1971	2010-05-22	1041
1972	2010-05-05	1000
1973	2010-05-23	957
1974	2010-06-10	1219
1975	2010-06-12	939
1976	2010-06-11	1088
1977	2010-06-20	691
1978	2010-07-17	533
1979	2010-08-29	899
1980	2010-08-15	1156
1981	2010-08-08	3062
1982	2010-09-13	482
1983	2010-09-19	1585
1984	2010-09-28	107
1985	2010-10-27	2199
1986	2010-10-23	437
1987	2010-10-19	285
1988	2010-10-06	4135
1989	2010-11-16	1052
1990	2010-12-07	22200
1991	2010-12-05	883
1992	2010-12-29	97
1993	2010-12-18	1062
1994	2010-12-31	1405
1995	2010-12-16	1309
1996	2010-12-11	1323
1997	2011-01-20	9902
1998	2011-01-21	1468
1999	2011-01-09	1136
2000	2015-01-03	3225
2001	2015-02-14	2467
2002	2015-03-11	8310
2003	2015-04-03	4127
2004	2015-04-24	6241
2005	2015-04-02	4584
2006	2015-05-19	6454
2007	2015-05-31	4884
2008	2015-06-18	6384
2009	2015-06-16	16715
2010	2015-06-23	3091
2011	2014-08-25	1053
2012	2014-09-10	5193
2013	2014-09-13	3311
2014	2014-09-25	7650
2015	2014-10-14	5324
2016	2014-10-19	4764
2017	2014-11-28	4954
2018	2014-11-22	5178
2019	2014-12-02	2815
2020	2015-01-27	4077
2021	2015-01-30	15178
2022	2015-01-23	2332
2023	2015-07-08	8371
2024	2015-08-20	6125
2025	2015-09-14	7357
2026	2015-09-21	2488
2027	2015-09-26	6849
2028	2015-10-01	6976
2029	2015-11-23	6592
2030	2011-03-18	440
2031	2011-03-27	1463
2032	2011-04-12	929
2033	2011-05-20	7462
2034	2011-06-27	2576
2035	2011-06-03	4354
2036	2011-06-05	2723
2037	2011-06-16	3055
2038	2011-07-18	297
2039	2011-07-09	3408
2040	2011-07-07	2994
2041	2011-07-16	934
2042	2011-07-17	1966
2043	2011-07-27	1233
2044	2011-08-09	2871
2045	2011-08-24	1770
2046	2011-09-30	7973
2047	2011-09-15	3956
2048	2011-09-04	2679
2049	2011-09-12	185
2050	2011-10-29	1027
2051	2011-10-27	1023
2052	2011-11-13	977
2053	2011-11-25	1155
2054	2011-11-26	238
2055	2011-11-12	1881
2056	2011-12-09	818
2057	2011-12-29	1566
2058	2012-01-06	2652
2059	2012-02-06	274
2060	2012-02-08	2135
2061	2012-02-26	401
2062	2012-02-27	1621
2063	2012-03-20	3016
2064	2012-03-21	1472
2065	2012-04-21	1514
2066	2012-04-27	4502
2067	2012-05-03	1950
2068	2012-05-30	3711
2069	2012-06-01	2491
2070	2014-01-06	1804
2071	2014-02-15	1327
2072	2014-03-20	3121
2073	2014-03-18	1313
2074	2014-04-25	1414
2075	2014-05-28	2924
2076	2014-05-19	777
2077	2014-06-07	7371
2078	2014-06-25	6748
2079	2014-07-19	8963
2080	2014-07-13	188
2081	2007-08-14	224
2082	2007-08-23	45
2083	2007-09-15	56
2084	2007-09-16	13
2085	2007-10-11	162
2086	2007-10-15	32
2087	2007-10-17	120
2088	2007-10-23	109
2089	2007-11-30	57
2090	2007-12-08	1272
2091	2007-12-22	67
2092	2008-01-07	315
2093	2008-01-04	1413
2094	2008-01-25	75
2095	2008-01-20	1866
2096	2008-01-11	944
2097	2008-02-23	2031
2098	2008-02-07	2440
2099	2008-02-27	4133
2100	2008-02-02	61
2101	2008-03-13	2714
2102	2008-03-30	2012
2103	2008-03-21	2457
2104	2008-05-12	1784
2105	2008-05-14	392
2106	2008-08-05	161
2107	2008-10-26	2495
2108	2008-10-11	496
2109	2008-11-03	2815
2110	2008-11-22	2812
2111	2008-11-15	706
2112	2008-12-06	1871
2113	2008-12-15	1849
2114	2009-01-25	3219
2115	2009-01-24	885
2116	2009-01-15	1983
2117	2009-02-19	501
2118	2009-02-03	240
2119	2009-03-26	578
2120	2009-03-28	547
2121	2009-03-31	308
2122	2009-04-24	380
2123	2009-04-02	578
2124	2009-05-08	637
2125	2009-05-25	62
2126	2009-05-03	260
2127	2009-05-06	479
2128	2009-06-15	3917
2129	2009-06-12	123
2130	2013-05-31	13139
2131	2013-05-17	5830
2132	2013-06-21	183
2133	2013-07-25	3961
2134	2013-07-31	6154
2135	2013-08-22	2494
2136	2013-09-01	5704
2137	2013-08-24	740
2138	2013-09-09	1940
2139	2013-09-27	2015
2140	2013-10-12	4942
2141	2013-10-27	2199
2142	2013-10-22	1034
2143	2013-11-26	1732
2144	2014-01-30	5456
2145	2014-01-17	2964
2146	2014-01-15	2332
2147	2012-06-16	315
2148	2012-07-02	128
2149	2012-08-05	2559
2150	2012-08-20	2689
2151	2012-08-13	284
2152	2012-08-02	1500
2153	2012-09-18	2196
2154	2012-09-25	1962
2155	2012-10-09	10744
2156	2012-10-25	1665
2157	2012-10-12	2391
2158	2012-10-19	2640
2159	2012-12-01	4307
2160	2012-11-09	6737
2161	2012-12-11	3710
2162	2012-12-07	2293
2163	2013-01-05	4541
2164	2013-01-09	5987
2165	2013-02-15	1226
2166	2013-03-31	924
2167	2013-03-03	363
2168	2013-04-25	10103
2169	2013-04-24	2360
2170	2007-09-03	11
2171	2007-10-01	5
2172	2015-12-03	4938
2173	2015-12-05	2124
2174	2015-12-09	3416
2175	2015-12-16	5654
2176	2015-11-04	5910
2177	2016-01-14	8538
2178	2016-01-22	39107
2179	2016-01-29	6695
2180	2016-02-13	3524
2181	2009-06-25	247
2182	2009-06-04	1081
2183	2009-07-22	662
2184	2009-07-11	781
2185	2009-07-15	2791
2186	2009-07-19	392
2187	2009-08-05	529
2188	2009-08-23	283
2189	2009-08-15	594
2190	2009-08-18	775
2191	2009-09-04	650
2192	2009-09-24	500
2193	2009-10-30	212
2194	2009-10-09	732
2195	2009-11-24	452
2196	2009-11-04	1397
2197	2009-11-19	907
2198	2009-11-03	195
2199	2009-11-08	671
2200	2009-12-24	351
2201	2009-12-18	236
2202	2010-01-24	829
2203	2010-01-14	676
2204	2010-01-27	520
2205	2010-02-02	315
2206	2010-03-12	873
2207	2010-03-15	324
2208	2010-04-12	331
2209	2010-04-27	319
2210	2010-04-07	952
2211	2010-04-20	595
2212	2010-04-23	1015
2213	2010-05-31	453
2214	2010-06-02	621
2215	2010-06-08	870
2216	2010-06-15	794
2217	2010-06-19	540
2218	2010-07-30	7234
2219	2010-07-18	423
2220	2010-07-27	6392
2221	2010-07-29	1391
2222	2010-07-03	1507
2223	2010-08-27	1814
2224	2010-08-16	661
2225	2010-08-11	756
2226	2010-08-20	986
2227	2010-10-26	3821
2228	2010-10-29	2304
2229	2010-10-11	1442
2230	2010-10-02	117
2231	2010-11-05	2841
2232	2010-11-18	1248
2233	2010-11-27	310
2234	2010-12-09	2062
2235	2010-12-12	716
2236	2010-12-10	522
2237	2011-01-11	1194
2238	2011-01-23	773
2239	2011-01-07	1385
2240	2011-02-04	3420
2241	2011-02-18	2848
2242	2011-02-12	705
2243	2011-01-16	63
2244	2015-02-23	3399
2245	2015-03-19	7421
2246	2015-04-01	9987
2247	2015-04-12	5205
2248	2015-04-27	1891
2249	2015-05-22	4508
2250	2015-05-02	7362
2251	2015-06-06	6098
2252	2015-06-13	6248
2253	2014-08-05	7953
2254	2014-08-24	21288
2255	2014-08-10	3355
2256	2014-09-26	3614
2257	2014-09-23	14961
2258	2014-10-16	14054
2259	2014-10-10	27487
2260	2014-11-26	7060
2261	2014-11-27	9648
2262	2014-11-12	12344
2263	2014-11-14	4915
2264	2014-11-30	2958
2265	2014-11-11	4806
2266	2014-11-07	4459
2267	2014-12-12	7595
2268	2015-07-24	10841
2269	2015-08-02	13170
2270	2015-08-12	11094
2271	2015-08-24	1238
2272	2015-09-04	15899
2273	2015-09-08	3351
2274	2015-10-24	3370
2275	2015-10-23	477
2276	2015-11-17	14675
2277	2015-11-24	4108
2278	2011-04-29	1661
2279	2011-04-18	318
2280	2011-05-13	4575
2281	2011-05-04	4568
2282	2011-05-23	3374
2283	2011-05-28	370
2284	2011-05-29	2451
2285	2011-06-09	5683
2286	2011-07-26	2922
2287	2011-07-24	2029
2288	2011-08-14	2519
2289	2011-08-04	1860
2290	2011-08-28	1228
2291	2011-09-06	1530
2292	2011-09-07	408
2293	2011-10-02	2308
2294	2011-10-26	3990
2295	2011-10-14	3257
2296	2011-11-15	1216
2297	2011-12-13	431
2298	2011-12-17	1444
2299	2011-12-18	712
2300	2012-01-23	1585
2301	2012-01-25	2537
2302	2012-01-21	3125
2303	2012-03-15	7306
2304	2012-03-11	2333
2305	2012-03-06	3142
2306	2012-03-22	3794
2307	2012-04-01	731
2308	2012-04-03	1187
2309	2012-04-10	1318
2310	2012-05-19	1171
2311	2012-05-26	3690
2312	2012-05-07	7057
2313	2014-02-11	2632
2314	2014-03-30	3968
2315	2014-03-08	3567
2316	2014-03-02	2089
2317	2014-04-24	9998
2318	2014-04-07	5225
2319	2014-04-19	3931
2320	2014-05-30	9213
2321	2014-05-24	11245
2322	2014-07-15	15670
2323	2014-07-30	13385
2324	2014-07-21	6695
2325	2014-07-28	4443
2326	2014-07-29	5080
2327	2007-09-06	15
2328	2007-09-22	92
2329	2007-10-04	14
2330	2007-10-18	78
2331	2007-10-26	92
2332	2007-09-12	22
2333	2007-11-03	19
2334	2007-12-10	416
2335	2007-12-06	182
2336	2008-01-01	645
2337	2008-03-01	3234
2338	2008-02-04	1517
2339	2008-02-28	1630
2340	2008-03-15	868
2341	2008-03-14	1686
2342	2008-03-10	2171
2343	2008-03-25	290
2344	2008-04-26	209
2345	2008-04-18	1978
2346	2008-04-19	984
2347	2008-05-26	83
2348	2008-06-16	1462
2349	2008-06-08	539
2350	2008-06-23	30
2351	2008-07-29	262
2352	2008-07-11	2277
2353	2008-07-20	24
2354	2008-08-24	338
2355	2008-08-26	214
2356	2008-08-31	115
2357	2008-08-17	302
2358	2008-08-13	559
2359	2008-09-27	579
2360	2008-09-20	486
2361	2008-10-30	1676
2362	2008-10-20	162
2363	2008-11-10	1531
2364	2008-11-29	1480
2365	2008-12-16	359
2366	2008-12-09	1902
2367	2009-01-03	1323
2368	2009-01-26	458
2369	2009-01-08	1572
2370	2009-01-23	2684
2371	2009-03-24	344
2372	2009-04-08	584
2373	2009-05-17	574
2374	2009-05-22	311
2375	2009-06-22	196
2376	2013-05-03	1917
2377	2013-05-20	1003
2378	2013-05-04	5470
2379	2013-06-24	448
2380	2013-06-08	1272
2381	2013-06-18	1722
2382	2013-07-13	1626
2383	2013-08-04	1435
2384	2013-09-14	754
2385	2013-11-17	1699
2386	2013-11-30	273
2387	2013-12-29	1159
2388	2013-12-31	1634
2389	2013-12-05	8366
2390	2013-12-06	9424
2391	2013-12-27	1844
2392	2013-12-13	3398
2393	2014-01-16	5214
2394	2012-06-29	8312
2395	2012-06-06	5373
2396	2012-06-25	2947
2397	2012-06-15	5141
2398	2012-08-01	9864
2399	2012-09-01	3000
2400	2012-08-27	565
2401	2012-08-29	5542
2402	2012-08-22	697
2403	2012-08-15	7528
2404	2012-09-23	2111
2405	2012-09-27	3251
2406	2012-10-22	1114
2407	2012-12-21	833
2408	2013-01-19	4710
2409	2013-01-30	927
2410	2013-02-23	6215
2411	2013-02-05	2637
2412	2013-02-06	4072
2413	2013-02-10	21
2414	2013-02-20	490
2415	2013-03-16	3028
2416	2013-03-29	4042
2417	2013-03-23	54
2418	2013-03-05	1005
2419	2007-08-29	10
2420	2007-09-07	18
2421	2007-11-12	5
2422	2007-11-06	1
2423	2007-10-31	4
2424	2007-10-25	2
2425	2015-12-07	931
2426	2015-12-15	5867
2427	2015-12-25	1397
2428	2016-01-26	3535
2429	2016-02-05	4777
2430	2016-02-08	1727
2431	2016-02-12	5386
2432	2016-02-16	4832
2433	2016-02-20	3129
2434	2016-02-29	1680
2435	2009-07-14	402
2436	2009-07-05	136
2437	2009-07-03	777
2438	2009-08-20	704
2439	2009-08-14	843
2440	2009-08-29	627
2441	2009-10-28	798
2442	2009-10-29	1036
2443	2009-10-31	910
2444	2009-10-11	804
2445	2009-10-06	356
2446	2009-12-01	3706
2447	2009-11-05	383
2448	2009-11-14	895
2449	2009-12-26	112
2450	2009-12-28	53
2451	2009-12-03	1639
2452	2009-12-09	994
2453	2009-12-02	626
2454	2010-01-23	567
2455	2010-01-25	315
2456	2010-01-05	639
2457	2010-01-03	22
2458	2010-04-21	991
2459	2010-05-02	833
2460	2010-05-12	1514
2461	2010-06-13	568
2462	2010-06-18	832
2463	2010-07-20	9239
2464	2010-08-22	375
2465	2010-09-11	1267
2466	2010-09-23	512
2467	2010-09-26	528
2468	2010-11-24	1591
2469	2010-11-29	505
2470	2010-11-12	1771
2471	2010-11-13	1736
2472	2010-12-17	721
2473	2010-12-20	996
2474	2011-01-29	460
2475	2011-01-24	482
2476	2011-01-28	4042
2477	2011-02-13	1952
2478	2011-02-07	519
2479	2015-01-22	8211
2480	2015-01-10	5378
2481	2015-02-03	4874
2482	2015-02-24	3823
2483	2015-03-02	4952
2484	2015-04-14	5757
2485	2015-04-21	5362
2486	2015-04-22	5455
2487	2015-05-05	4776
2488	2015-06-28	6785
2489	2014-08-02	1194
2490	2014-08-13	3328
2491	2014-08-18	749
2492	2014-08-23	8185
2493	2014-09-29	4230
2494	2014-09-01	1878
2495	2014-10-05	3803
2496	2014-11-13	3986
2497	2014-12-22	3070
2498	2015-07-02	10016
2499	2015-07-06	3831
2500	2015-07-31	6077
2501	2015-08-07	3512
2502	2015-08-15	7065
2503	2015-08-09	1063
2504	2015-09-11	8335
2505	2015-09-30	5617
2506	2015-10-08	14632
2507	2015-10-13	2705
2508	2015-10-26	13420
2509	2015-11-11	20817
2510	2011-03-25	2180
2511	2011-03-15	3883
2512	2011-03-04	3348
2513	2011-04-13	5228
2514	2011-04-14	1425
2515	2011-05-11	4171
2516	2011-05-22	2106
2517	2011-05-02	985
2518	2011-06-21	1794
2519	2011-06-11	872
2520	2011-06-18	5304
2521	2011-08-17	1925
2522	2011-08-02	2885
2523	2011-09-02	1060
2524	2011-09-18	1050
2525	2011-10-05	5536
2526	2011-10-30	1874
2527	2011-10-10	196
2528	2011-11-10	2081
2529	2011-11-22	746
2530	2011-11-04	1697
2531	2011-12-19	332
2532	2011-12-16	1580
2533	2011-12-02	1077
2534	2012-01-14	748
2535	2012-02-20	1337
2536	2012-02-24	2457
2537	2012-03-31	3750
2538	2012-03-13	3591
2539	2012-04-17	1408
2540	2012-05-14	6677
2541	2012-05-11	8965
2542	2014-02-21	6964
2543	2014-02-25	3348
2544	2014-02-14	8619
2545	2014-03-03	4126
2546	2014-04-10	4111
2547	2014-04-17	4598
2548	2014-04-20	1395
2549	2014-05-11	6109
2550	2014-05-31	4931
2551	2014-05-15	4859
2552	2014-05-25	6434
2553	2014-06-05	3142
2554	2014-06-11	7748
2555	2014-06-28	127
2556	2014-07-04	7615
2557	2014-07-31	6852
2558	2014-07-27	4122
2559	2007-08-09	386
2560	2007-08-18	55
2561	2007-09-09	40
2562	2007-09-11	29
2563	2007-09-19	20
2564	2007-09-20	7
2565	2007-10-12	50
2566	2008-01-13	485
2567	2008-01-27	5650
2568	2008-01-28	97
2569	2008-01-23	3200
2570	2008-02-01	2392
2571	2008-01-14	899
2572	2008-02-24	1093
2573	2008-02-14	941
2574	2008-03-08	1699
2575	2008-03-27	2269
2576	2008-04-25	2983
2577	2008-05-28	1789
2578	2008-05-17	270
2579	2008-06-02	546
2580	2008-06-20	691
2581	2008-07-10	354
2582	2008-08-21	289
2583	2008-09-29	7433
2584	2008-09-13	1208
2585	2008-10-19	1920
2586	2008-10-21	1340
2587	2008-10-28	395
2588	2008-11-14	2451
2589	2008-11-08	3008
2590	2008-11-18	1871
2591	2008-11-09	2578
2592	2008-12-08	2456
2593	2008-12-12	2089
2594	2008-12-26	154
2595	2009-01-31	3320
2596	2009-01-14	699
2597	2009-01-18	1611
2598	2009-03-01	125
2599	2009-02-02	2633
2600	2009-03-27	542
2601	2009-04-09	566
2602	2009-04-12	606
2603	2009-04-27	220
2604	2009-04-04	744
2605	2009-04-13	161
2606	2009-04-22	401
2607	2009-05-16	492
2608	2009-05-24	263
2609	2009-05-09	471
2610	2009-05-04	219
2611	2009-06-27	1395
2612	2009-06-29	107
2613	2013-04-17	10098
2614	2013-04-18	2884
2615	2013-04-15	6127
2616	2013-04-03	832
2617	2013-05-21	2855
2618	2013-05-05	340
2619	2013-05-12	73
2620	2013-06-28	5408
2621	2013-06-14	6048
2622	2013-06-07	5869
2623	2013-07-05	2183
2624	2013-07-22	1211
2625	2013-08-17	224
2626	2013-08-27	5713
2627	2013-08-25	4534
2628	2013-09-29	3560
2629	2013-09-02	641
2630	2013-10-02	4888
2631	2013-10-09	4668
2632	2013-10-11	1637
2633	2013-10-26	1420
2634	2013-10-07	527
2635	2013-11-29	3732
2636	2013-11-07	3041
2637	2013-11-11	525
2638	2013-11-09	342
2639	2013-12-26	1306
2640	2013-12-14	2026
2641	2013-12-16	371
2642	2014-01-18	2402
2643	2012-06-24	2595
2644	2012-07-01	2458
2645	2012-06-10	1620
2646	2012-07-25	15069
2647	2012-10-30	8093
2648	2012-11-13	6830
2649	2012-11-25	885
2650	2012-11-08	7519
2651	2012-11-05	1340
2652	2012-12-20	4551
2653	2013-01-23	5496
2654	2013-01-18	4205
2655	2013-02-07	466
2656	2013-03-01	2742
2657	2013-02-01	979
2658	2013-02-09	234
2659	2013-02-02	729
2660	2013-03-09	4394
2661	2013-03-12	2957
2662	2008-05-08	3
2663	2007-12-25	1
2664	2015-11-06	3321
2665	2009-06-24	281
2666	2009-07-18	494
2667	2009-08-07	681
2668	2009-09-01	521
2669	2009-09-15	384
2670	2009-09-26	475
2671	2009-09-07	174
2672	2009-10-02	822
2673	2009-10-18	471
2674	2009-11-09	215
2675	2009-11-11	418
2676	2009-12-27	115
2677	2009-12-22	253
2678	2009-12-14	154
2679	2010-01-29	625
2680	2010-01-07	523
2681	2010-01-12	545
2682	2010-02-17	872
2683	2010-02-24	1219
2684	2010-02-25	1289
2685	2010-02-28	369
2686	2010-02-18	679
2687	2010-03-18	722
2688	2010-03-02	997
2689	2010-03-21	959
2690	2010-04-15	1085
2691	2010-04-06	2800
2692	2010-05-28	1047
2693	2010-05-15	1047
2694	2010-05-09	937
2695	2010-05-16	485
2696	2010-06-25	3113
2697	2010-06-03	1116
2698	2010-07-15	220
2699	2010-08-06	1198
2700	2010-08-19	776
2701	2010-08-14	749
2702	2010-09-04	1789
2703	2010-10-24	992
2704	2010-10-07	465
2705	2010-11-07	528
2706	2010-12-01	1426
2707	2010-11-03	1800
2708	2010-11-04	1135
2709	2010-12-25	379
2710	2010-12-26	155
2711	2011-02-08	1144
2712	2011-02-17	2005
2713	2011-02-21	813
2714	2011-02-26	1951
2715	2011-03-01	621
2716	2015-01-21	4819
2717	2015-01-01	8346
2718	2015-01-09	5517
2719	2015-02-17	2998
2720	2015-03-10	2739
2721	2015-03-31	4561
2722	2015-03-12	4109
2723	2015-04-04	6162
2724	2015-05-29	5959
2725	2015-06-03	5108
2726	2015-06-17	9525
2727	2015-06-22	1570
2728	2015-06-27	6654
2729	2014-08-20	4782
2730	2014-09-21	4375
2731	2014-09-09	3400
2732	2014-09-24	6928
2733	2014-09-16	15063
2734	2014-09-08	1466
2735	2014-10-31	5206
2736	2014-10-29	9318
2737	2014-10-15	12515
2738	2014-11-06	7001
2739	2014-12-04	3311
2740	2014-12-05	3987
2741	2014-12-31	10550
2742	2014-12-29	2025
2743	2014-12-30	2349
2744	2014-12-08	2588
2745	2014-12-15	8987
2746	2014-12-19	336
2747	2015-01-25	124
2748	2015-07-10	7738
2749	2015-07-11	3078
2750	2015-08-11	7986
2751	2015-09-07	2359
2752	2015-09-24	9560
2753	2015-09-27	4754
2754	2015-10-04	10916
2755	2015-10-09	18141
2756	2015-10-20	3937
2757	2015-10-22	1434
2758	2015-10-31	9067
2759	2015-11-12	8361
2760	2015-11-14	12237
2761	2015-11-21	8189
2762	2015-11-26	3207
2763	2015-11-28	214
2764	2011-03-19	2457
2765	2011-03-23	4674
2766	2011-03-30	2245
2767	2011-03-06	1473
2768	2011-04-17	1723
2769	2011-05-27	4265
2770	2011-05-18	5003
2771	2011-05-09	1021
2772	2011-05-24	2496
2773	2011-06-20	268
2774	2011-06-13	214
2775	2011-09-11	1945
2776	2011-09-03	1335
2777	2011-10-22	2274
2778	2011-10-25	576
2779	2011-10-31	305
2780	2011-10-04	369
2781	2011-11-21	597
2782	2011-11-05	1704
2783	2011-11-27	589
2784	2011-11-29	2086
2785	2011-12-14	1601
2786	2012-01-31	8781
2787	2012-01-15	4305
2788	2012-01-09	299
2789	2012-02-15	1420
2790	2012-04-24	4254
2791	2012-04-13	2277
2792	2012-04-22	1378
2793	2012-04-15	1063
2794	2012-04-06	1599
2795	2012-04-08	394
2796	2012-05-25	2106
2797	2012-05-22	1940
2798	2012-05-12	2021
2799	2014-02-05	5480
2800	2014-02-13	3313
2801	2014-02-17	2262
2802	2014-02-02	4318
2803	2014-03-23	6086
2804	2014-03-19	5639
2805	2014-04-11	8304
2806	2014-04-16	5408
2807	2014-05-01	1030
2808	2014-06-02	2453
2809	2014-06-14	8467
2810	2014-06-21	3033
2811	2014-07-03	1414
2812	2007-08-12	58
2813	2007-08-25	19
2814	2007-09-26	55
2815	2007-10-29	52
2816	2007-12-03	1286
2817	2007-12-04	1538
2818	2007-12-29	1099
2819	2008-02-17	146
2820	2008-02-22	269
2821	2008-02-11	59
2822	2008-03-24	1025
2823	2008-03-22	3005
2824	2008-03-11	1109
2825	2008-03-09	1904
2826	2008-04-27	562
2827	2008-04-09	1140
2828	2008-04-16	331
2829	2008-04-06	168
2830	2008-05-15	440
2831	2008-05-24	708
2832	2008-05-19	972
2833	2008-06-25	1473
2834	2008-06-26	394
2835	2008-06-27	591
2836	2008-06-06	800
2837	2008-07-15	54
2838	2008-08-02	454
2839	2008-08-27	261
2840	2008-08-03	385
2841	2008-08-08	286
2842	2008-09-30	8961
2843	2008-09-10	1169
2844	2008-11-23	913
2845	2008-11-25	1680
2846	2009-01-01	1433
2847	2008-12-03	1728
2848	2008-12-14	984
2849	2009-01-28	569
2850	2009-02-23	270
2851	2009-02-06	3064
2852	2009-04-26	337
2853	2009-05-10	545
2854	2013-04-10	7082
2855	2013-05-30	4842
2856	2013-05-08	4840
2857	2013-05-14	1177
2858	2013-06-29	4540
2859	2013-06-19	5262
2860	2013-07-12	4742
2861	2013-07-03	8172
2862	2013-08-30	7264
2863	2013-08-23	18657
2864	2013-08-20	3311
2865	2013-09-15	5224
2866	2013-09-23	373
2867	2013-09-07	2996
2868	2013-10-24	2987
2869	2013-11-10	3515
2870	2013-11-14	5032
2871	2013-11-19	4073
2872	2013-11-25	1579
2873	2013-12-17	8481
2874	2014-01-09	4569
2875	2014-01-29	2050
2876	2012-06-18	2938
2877	2012-06-19	2179
2878	2012-06-04	7612
2879	2012-06-05	685
2880	2012-07-17	8425
2881	2012-08-23	5249
2882	2012-09-12	2132
2883	2012-09-21	10011
2884	2012-09-28	14476
2885	2012-10-13	8847
2886	2012-11-27	2321
2887	2012-11-12	126
2888	2012-12-04	532
2889	2013-01-06	380
2890	2013-02-14	18089
2891	2013-02-28	1974
2892	2013-03-15	8708
2893	2013-03-11	1572
2894	2013-03-08	15146
2895	2015-12-10	6409
2896	2015-12-26	1267
2897	2015-12-28	6743
2898	2016-01-27	7488
2899	2016-02-27	2747
2900	2015-11-05	9606
2901	2009-06-02	301
2902	2009-07-10	510
2903	2009-08-01	663
2904	2009-08-12	843
2905	2009-09-21	203
2906	2009-10-15	948
2907	2009-10-20	155
2908	2009-12-08	374
2909	2009-12-31	544
2910	2009-12-19	569
2911	2009-12-16	263
2912	2010-01-22	1203
2913	2010-01-09	554
2914	2010-02-10	1577
2915	2010-02-19	948
2916	2010-02-07	1255
2917	2010-03-04	1143
2918	2010-03-10	981
2919	2010-03-03	1861
2920	2010-03-14	446
2921	2010-03-06	943
2922	2010-04-29	699
2923	2010-04-03	897
2924	2010-06-05	872
2925	2010-07-09	16173
2926	2010-07-07	26955
2927	2010-07-24	1397
2928	2010-07-04	1026
2929	2010-07-08	947
2930	2010-08-04	3139
2931	2010-08-25	262
2932	2010-09-30	361
2933	2010-09-15	462
2934	2010-10-15	1996
2935	2011-01-15	2515
2936	2011-01-13	2775
2937	2011-01-06	1756
2938	2011-01-10	186
2939	2011-02-25	2011
2940	2011-02-05	2464
2941	2015-01-15	7244
2942	2015-01-17	6336
2943	2015-01-06	3318
2944	2015-02-05	6003
2945	2015-02-19	3355
2946	2015-02-09	4022
2947	2015-02-13	7786
2948	2015-03-06	5567
2949	2015-03-18	4176
2950	2015-03-20	7622
2951	2015-04-17	6430
2952	2015-04-20	3521
2953	2015-05-24	3168
2954	2015-06-21	1605
2955	2015-06-30	6014
2956	2015-06-07	4272
2957	2014-08-14	16038
2958	2014-08-26	5284
2959	2014-08-16	3509
2960	2014-09-28	2010
2961	2014-09-04	4743
2962	2014-10-27	4668
2963	2014-10-30	5873
2964	2014-10-12	10366
2965	2014-10-08	8383
2966	2014-11-09	2352
2967	2014-11-10	2130
2968	2014-12-21	8982
2969	2014-12-09	2467
2970	2014-12-27	839
2971	2015-07-17	4900
2972	2015-07-27	5563
2973	2015-07-15	5284
2974	2015-08-06	10569
2975	2015-08-14	8312
2976	2015-08-22	10331
2977	2015-11-13	7494
2978	2015-11-30	883
2979	2011-03-17	5733
2980	2011-03-09	4235
2981	2011-04-24	486
2982	2011-05-06	4167
2983	2011-05-08	1512
2984	2011-05-10	5406
2985	2011-06-30	3454
2986	2011-07-20	2553
2987	2011-07-13	5470
2988	2011-07-23	1231
2989	2011-07-02	2141
2990	2011-07-10	816
2991	2011-08-16	1861
2992	2011-08-18	1986
2993	2011-09-29	2433
2994	2011-10-03	1990
2995	2011-10-28	4220
2996	2011-11-02	1197
2997	2011-12-06	2000
2998	2012-01-12	2067
2999	2012-01-04	2372
3000	2012-01-26	3128
3001	2012-02-21	1532
3002	2012-02-18	2737
3003	2012-03-02	2440
3004	2012-04-20	7979
3005	2012-04-29	1609
3006	2012-04-09	694
3007	2012-04-30	1511
3008	2012-05-27	51
3009	2012-05-23	5878
3010	2012-05-18	9053
3011	2014-02-27	1166
3012	2014-02-01	4041
3013	2014-02-18	1476
3014	2014-03-13	4552
3015	2014-03-07	4356
3016	2014-03-14	7113
3017	2014-05-06	7873
3018	2014-05-23	1098
3019	2014-05-26	369
3020	2014-06-16	2636
3021	2014-06-10	3092
3022	2014-06-12	4527
3023	2014-07-09	1258
3024	2014-07-26	2987
3025	2014-07-10	8086
3026	2007-08-10	33
3027	2007-08-15	551
3028	2007-08-19	8
3029	2007-10-27	223
3030	2007-11-11	129
3031	2007-12-23	1443
3032	2007-12-26	893
3033	2008-02-09	1390
3034	2008-03-31	1738
3035	2008-03-20	1071
3036	2008-04-03	4017
3037	2008-05-22	2385
3038	2008-05-31	2274
3039	2008-05-11	391
3040	2008-06-10	1520
3041	2008-06-07	1823
3042	2008-07-19	781
3043	2008-07-04	259
3044	2008-07-03	768
3045	2008-09-02	177
3046	2008-10-03	5738
3047	2008-10-04	240
3048	2008-10-07	2036
3049	2008-12-02	796
3050	2008-12-05	1621
3051	2009-02-18	1294
3052	2009-02-14	3043
3053	2009-02-09	215
3054	2009-02-12	3465
3055	2009-02-26	1551
3056	2009-03-30	184
3057	2009-04-07	313
3058	2009-04-06	164
3059	2009-05-07	472
3060	2009-05-14	539
3061	2009-06-28	520
3062	2013-04-13	7738
3063	2013-04-11	9712
3064	2013-05-26	3972
3065	2013-05-13	657
3066	2013-05-24	8910
3067	2013-05-07	80
3068	2013-05-06	4544
3069	2013-06-12	4211
3070	2013-07-01	2223
3071	2013-06-09	4999
3072	2013-06-06	6173
3073	2013-06-01	1620
3074	2013-07-11	1991
3075	2013-08-12	6404
3076	2013-09-30	700
3077	2013-11-20	3928
3078	2013-11-13	3194
3079	2013-11-05	2610
3080	2013-12-20	1896
3081	2013-12-07	531
3082	2014-01-11	1689
3083	2014-01-10	4108
3084	2014-01-14	5995
3085	2014-01-21	316
3086	2012-06-20	3769
3087	2012-06-23	2354
3088	2012-08-26	10220
3089	2012-09-11	10141
3090	2012-09-15	11509
3091	2012-09-04	1657
3092	2012-10-05	9475
3093	2012-10-08	484
3094	2012-11-10	1119
3095	2012-11-20	2183
3096	2012-12-29	1702
3097	2012-12-14	4129
3098	2012-12-30	81
3099	2013-01-14	2538
3100	2013-01-08	16346
3101	2013-01-10	1188
3102	2013-02-21	9927
3103	2013-02-16	6329
3104	2013-03-02	3562
3105	2013-03-19	920
3106	2013-04-23	997
3107	2007-08-27	3
3108	2007-10-13	3
3109	2007-09-04	2
3110	2007-09-17	1
